email,name,second_name,last_name,second_surname,company_id
alejandra.labra@sas-mexico.com,Alejandra,Ines,Labra,Sanchez,1
Juan.Lopez@prosa.com.mx,Juan,Bernardo,Lopez,,2
Miguel.Poblete@prosa.com.mx,Miguel,Angel,Poblete,,2
Elizabeth.Prado@prosa.com.mx,Elizabeth,,Prado,Romero,2
Dulce.Serna@prosa.com.mx,Dulce,Perla,Perla,Chavez,2
Lizbeth.Quintana@prosa.com.mx,Lizbeth,,Quintana,Ortega,2
